cp,asentamiento,municipio
90000,Tlaxcala Centro,Tlaxcala
90000,Huertas de San Francisco,Tlaxcala
90006,Universidad Autónoma de Tlaxcala,Tlaxcala
90010,San Buenaventura Atempan,Tlaxcala
90013,Xicohténcatl,Tlaxcala
90014,Vista Malintzi,Tlaxcala
90014,El Bosque,Tlaxcala
90014,Los Potrillos,Tlaxcala
90014,Vista Hermosa,Tlaxcala
90014,Los Causes,Tlaxcala
90014,Magisterial Vista Hermosa,Tlaxcala
90014,Cuarto Señorío,Tlaxcala
90014,Los Volcanes,Tlaxcala
90019,Los Pinos,Tlaxcala
90020,Pensionados Militares,Tlaxcala
90030,Felipe Santiago Xicoténcatl,Tlaxcala
90030,Los Volcanes,Tlaxcala
90030,Las Ánimas,Tlaxcala
90030,Paso de Cortés,Tlaxcala
90030,Cuarto Señoríos,Tlaxcala
90030,Real del Sol,Tlaxcala
90030,Lomas de Coyotepec,Tlaxcala
90030,Las Ánimas,Tlaxcala
90030,Ameyal,Tlaxcala
90030,Residencial Jardines de San Gabriel,Tlaxcala
90030,Villa de los Ángeles,Tlaxcala
90030,Los Girasoles,Tlaxcala
90030,Los Pinos,Tlaxcala
90030,El Real,Tlaxcala
90040,Adolfo López Mateos,Tlaxcala
90050,Ocotlán INFONAVIT,Tlaxcala
90060,San Isidro,Tlaxcala
90062,Xicohténcatl,Tlaxcala
90062,Tlapala,Tlaxcala
90090,Loma Bonita,Tlaxcala
90099,Loma Linda,Tlaxcala
90100,El Mirador,Tlaxcala
90100,Ocotlán,Tlaxcala
90100,Rinconada de Ocotlán,Tlaxcala
90100,San Esteban Tizatlán,Tlaxcala
90100,Las Rosas,Tlaxcala
90100,El Potrero,Tlaxcala
90102,El Sabinal,Tlaxcala
90102,La Cañada,Tlaxcala
90102,San Lucas,Tlaxcala
90102,Las Rosas,Tlaxcala
90102,Mirasol,Tlaxcala
90105,San Lazaro,Tlaxcala
90105,Santa María Ixtulco,Tlaxcala
90105,Tepetlapa,Tlaxcala
90110,Tlayecac,Tlaxcala
90110,San Diego Metepec,Tlaxcala
90110,San Lucas Cuauhtelulpan,Tlaxcala
90110,Santa María Acuitlapilco,Tlaxcala
90110,Balcón de las Ánimas,Tlaxcala
90110,Colinas del Sur,Tlaxcala
90110,Insurgentes,Tlaxcala
90110,San Diego,Tlaxcala
90110,Geo Villas San Diego,Tlaxcala
90110,Xilotzingo,Tlaxcala
90110,Guadalupe,Tlaxcala
90110,Grande,Tlaxcala
90110,El Alto,Tlaxcala
90110,Zapotla,Tlaxcala
90110,Los Pirules,Tlaxcala
90111,San Sebastián Atlahapa,Tlaxcala
90112,San Hipolito Chimalpa,Tlaxcala
90114,La Joya,Tlaxcala
90114,Lomas de Guadalupe,Tlaxcala
90114,Amapotla,Tlaxcala
90114,El Tejocote,Tlaxcala
90114,UAT,Tlaxcala
90114,La Laguna,Tlaxcala
90114,El Rincón o Los Rosales,Tlaxcala
90114,Miraflores,Tlaxcala
90114,Tlacomulco,Tlaxcala
90114,Santa Agueda,Tlaxcala
90114,La Vista,Tlaxcala
90114,La Herradura,Tlaxcala
90114,El Cortijo,Tlaxcala
90114,El Fresno,Tlaxcala
90114,El Rocío,Tlaxcala
90115,La Trinidad Tepehitec,Tlaxcala
90115,San Fernando,Tlaxcala
90115,Esmeralda,Tlaxcala
90115,3 Volcanes,Tlaxcala
90115,El Llanito,Tlaxcala
90115,Del Valle,Tlaxcala
90115,Las Arboledas,Tlaxcala
90115,Puesta del Sol,Tlaxcala
90117,San Gabriel Cuauhtla,Tlaxcala
90117,Bugambilias,Tlaxcala
90118,Tlapancalco,Tlaxcala
90120,Santa Cruz El Porvenir,Ixtacuixtla de Mariano Matamoros
90120,Espíritu Santo,Ixtacuixtla de Mariano Matamoros
90120,Villa Mariano Matamoros Centro,Ixtacuixtla de Mariano Matamoros
90120,Barranco,Ixtacuixtla de Mariano Matamoros
90120,Cerro Gordo,Ixtacuixtla de Mariano Matamoros
90120,Chapultepec,Ixtacuixtla de Mariano Matamoros
90120,La Escondida,Ixtacuixtla de Mariano Matamoros
90120,El Calvario,Ixtacuixtla de Mariano Matamoros
90120,San José Buenavista,Ixtacuixtla de Mariano Matamoros
90120,Ejido Santa Justina Ecatepec,Ixtacuixtla de Mariano Matamoros
90120,San José Escandona,Ixtacuixtla de Mariano Matamoros
90120,Capula,Ixtacuixtla de Mariano Matamoros
90121,La Trinidad Tenexyecac,Ixtacuixtla de Mariano Matamoros
90121,Tetlapa,Ixtacuixtla de Mariano Matamoros
90121,Analco,Ixtacuixtla de Mariano Matamoros
90122,San Diego Xocoyucan,Ixtacuixtla de Mariano Matamoros
90123,Santa Justina Ecatepec,Ixtacuixtla de Mariano Matamoros
90124,La Soledad,Ixtacuixtla de Mariano Matamoros
90125,San Antonio Atotonilco,Ixtacuixtla de Mariano Matamoros
90125,Fracción la Virgen,Ixtacuixtla de Mariano Matamoros
90125,Las Rositas,Ixtacuixtla de Mariano Matamoros
90125,Las Torres,Ixtacuixtla de Mariano Matamoros
90125,Miguel Ángel,Ixtacuixtla de Mariano Matamoros
90125,Agustín López,Ixtacuixtla de Mariano Matamoros
90125,Las Huertas,Ixtacuixtla de Mariano Matamoros
90125,La Virgen,Ixtacuixtla de Mariano Matamoros
90125,San Cristóbal,Ixtacuixtla de Mariano Matamoros
90125,Tláloc,Ixtacuixtla de Mariano Matamoros
90126,Santa Inés Tecuexcomac,Ixtacuixtla de Mariano Matamoros
90126,San Isidro,Ixtacuixtla de Mariano Matamoros
90127,San Antonio Tecóac,Ixtacuixtla de Mariano Matamoros
90127,San Antonio Tizostoc,Ixtacuixtla de Mariano Matamoros
90128,Arcos Altos,Ixtacuixtla de Mariano Matamoros
90128,San Gabriel Popocatla,Ixtacuixtla de Mariano Matamoros
90128,Las Moras (Las Moradillas),Ixtacuixtla de Mariano Matamoros
90130,Alpotzonga de Lira y Ortega,Ixtacuixtla de Mariano Matamoros
90130,San Carlos,Ixtacuixtla de Mariano Matamoros
90130,La Suiza,Ixtacuixtla de Mariano Matamoros
90130,Santo Domingo,Ixtacuixtla de Mariano Matamoros
90130,Alpotzonga,Ixtacuixtla de Mariano Matamoros
90131,La Caridad Cuaxonacayo,Ixtacuixtla de Mariano Matamoros
90132,Santa Rosa de Lima,Ixtacuixtla de Mariano Matamoros
90133,San Juan Nepopualco,Ixtacuixtla de Mariano Matamoros
90133,San Miguel la Presa,Ixtacuixtla de Mariano Matamoros
90133,San Cristóbal Oxtotlapango,Ixtacuixtla de Mariano Matamoros
90134,San Marcos Jilotepec,Ixtacuixtla de Mariano Matamoros
90134,Santiago Xochimilco,Ixtacuixtla de Mariano Matamoros
90135,Santa Ana Nopalucan Centro,Santa Ana Nopalucan
90137,De México,Santa Ana Nopalucan
90137,Guadalupe,Santa Ana Nopalucan
90138,Unidad Deportiva,Santa Ana Nopalucan
90138,Nuevo México,Santa Ana Nopalucan
90139,De Puebla,Santa Ana Nopalucan
90139,El Cerrito,Santa Ana Nopalucan
90139,San Ignacio,Santa Ana Nopalucan
90140,San Mateo Huexoyucan,Panotla
90140,San Nicolás Panotla,Panotla
90140,San Tadeo Huiloapan,Panotla
90140,Primero,Panotla
90140,Segundo,Panotla
90140,Tercero,Panotla
90140,Cuarto,Panotla
90140,Quinto,Panotla
90140,Santa Elena,Panotla
90140,Militar,Panotla
90140,Zona Militar,Panotla
90140,La Virgen,Panotla
90145,Santa Cruz Techachalco,Panotla
90147,San Jorge Tezoquipan,Panotla
90150,Emiliano Zapata,Panotla
90150,Las Ánimas,Panotla
90151,San Ambrosio Texantla,Panotla
90152,Jesús Acatitla,Panotla
90155,Santa Catalina Apatlahco,Panotla
90155,San Francisco Temetzontla,Panotla
90160,Acxotla del Río,Totolac
90160,Los Reyes Quiahuixtlán,Totolac
90160,San Juan Totolac,Totolac
90160,San Miguel Tlamahuco,Totolac
90160,Villa Riverena,Totolac
90160,Cerro del Metecatzi,Totolac
90163,Santiago Tepeticpac,Totolac
90163,Lomas del Sol,Totolac
90163,San Marcos I,Totolac
90163,San Marcos II,Totolac
90163,Tepectipac,Totolac
90163,San Marcos Tepeticpac,Totolac
90164,Zaragoza,Totolac
90164,Ejido Totolac,Totolac
90164,Eucaliptos,Totolac
90165,San Francisco Ocotelulco,Totolac
90166,La Trinidad Chimalpa,Totolac
90166,Chamizal,Totolac
90168,La Candelaria Teotlalpan,Totolac
90168,El Bosque,Totolac
90180,Antorcha Campesina,Tepeyanco
90180,San Cosme Atlamaxac,Tepeyanco
90180,Tepeyanco Centro,Tepeyanco
90180,Santiago Tlacochcalco,Tepeyanco
90180,San Pedro Xalcaltzinco,Tepeyanco
90180,Guerrero,Tepeyanco
90180,Las Águilas,Tepeyanco
90180,Gerardo Franco,Tepeyanco
90182,La Aurora,Tepeyanco
90193,Villas de Santa Isabel,Santa Isabel Xiloxoxtla
90193,Contla,Santa Isabel Xiloxoxtla
90193,Teotitla,Santa Isabel Xiloxoxtla
90193,Chimalpa,Santa Isabel Xiloxoxtla
90193,Quiahuixtla Norte,Santa Isabel Xiloxoxtla
90193,INFONAVIT 5 de Mayo,Santa Isabel Xiloxoxtla
90194,Parque Industrial Xiloxoxtla,Santa Isabel Xiloxoxtla
90194,Quiahuixtla Sur,Santa Isabel Xiloxoxtla
90194,Culhuaca,Santa Isabel Xiloxoxtla
90194,Independencia,Santa Isabel Xiloxoxtla
90195,San Juan Huactzinco,San Juan Huactzinco
90200,Calpulalpan Centro,Calpulalpan
90202,Xahuanxolco,Calpulalpan
90202,San Rafael,Calpulalpan
90202,La Cañada,Calpulalpan
90203,El Palmar,Calpulalpan
90203,San Pedro,Calpulalpan
90203,La Rosa,Calpulalpan
90203,Calpulli,Calpulalpan
90203,INFONAVIT,Calpulalpan
90203,Coesillos,Calpulalpan
90203,Loma Bonita,Calpulalpan
90203,Trabajadores Federados,Calpulalpan
90203,Europa,Calpulalpan
90203,Argos,Calpulalpan
90203,San Miguel,Calpulalpan
90203,Las Dalias,Calpulalpan
90204,Villas del Sur,Calpulalpan
90204,El Mirador (Las Conchitas),Calpulalpan
90204,La Nopalera,Calpulalpan
90204,Esmeralda,Calpulalpan
90205,La Herradura (El Calvario),Calpulalpan
90205,Arboledas,Calpulalpan
90205,Los Volcanes,Calpulalpan
90205,Pocitos,Calpulalpan
90205,San Antonio Calpulalpan,Calpulalpan
90205,San Isidro,Calpulalpan
90207,Los Ángeles,Calpulalpan
90207,Santa Cecilia,Calpulalpan
90207,Francisco Sarabia,Calpulalpan
90207,Salvador Guarneros,Calpulalpan
90207,San Bartolomé del Monte,Calpulalpan
90208,El Refugio,Calpulalpan
90208,Alfonso Espejel,Calpulalpan
90208,Belén,Calpulalpan
90208,Nazaret,Calpulalpan
90208,Independencia,Calpulalpan
90208,Los Pinos,Calpulalpan
90210,San Mateo Aticpac,Calpulalpan
90210,Amantla,Calpulalpan
90210,San Benigno,Calpulalpan
90210,Los Tres Hermanos,Calpulalpan
90213,Las Palomas,Calpulalpan
90218,San Vicente,Calpulalpan
90218,Marcelino Cruz,Calpulalpan
90218,Las Auras,Calpulalpan
90218,El Piñón,Calpulalpan
90220,La Soledad,Calpulalpan
90220,Mazapa,Calpulalpan
90220,Santa Cruz,Calpulalpan
90220,Santa Teresa,Calpulalpan
90220,La Palma,Calpulalpan
90220,Santa Isabel Mixtitlán,Calpulalpan
90220,San Francisco,Calpulalpan
90220,La Ocotera,Calpulalpan
90220,Jacarandas,Calpulalpan
90220,Del Venado,Calpulalpan
90220,El Cacalote,Calpulalpan
90220,Monte de San Agustín,Calpulalpan
90220,Hermanos García,Calpulalpan
90220,Loma de San Agustín,Calpulalpan
90220,Pacheco (De la Rosa),Calpulalpan
90220,Analco Dos,Calpulalpan
90220,Ángel Pelcastre,Calpulalpan
90222,San Felipe Sultepec,Calpulalpan
90222,Los Compadres,Calpulalpan
90222,La Quebradora,Calpulalpan
90222,Los Mogotes,Calpulalpan
90224,San Marcos Guaquilpan,Calpulalpan
90224,Santiago Cuaula,Calpulalpan
90224,San Cristóbal Zacacalco,Calpulalpan
90224,La Venta,Calpulalpan
90224,El Rosario,Calpulalpan
90224,Barranca del Tizar,Calpulalpan
90224,Puente del Ocomique,Calpulalpan
90225,San Rodrigo,Calpulalpan
90225,Los Capulines,Calpulalpan
90225,Los Palacios,Calpulalpan
90225,Los Pinos,Calpulalpan
90225,La Blanca,Calpulalpan
90225,San José (Los Hornos),Calpulalpan
90226,Finca Guadalupe Velázquez,Calpulalpan
90226,San Juan Temazcales,Calpulalpan
90226,San José,Calpulalpan
90226,El Carmen,Calpulalpan
90226,Zoquiapan,Calpulalpan
90226,Gustavo Díaz Ordaz,Calpulalpan
90226,Tlazalán,Calpulalpan
90226,San Isidro,Calpulalpan
90226,El Padrino,Calpulalpan
90226,El Triángulo,Calpulalpan
90230,Sanctórum,Sanctórum de Lázaro Cárdenas
90231,Francisco Villa,Sanctórum de Lázaro Cárdenas
90231,San Nicolás el Grande,Sanctórum de Lázaro Cárdenas
90231,Juan Antonio,Sanctórum de Lázaro Cárdenas
90231,San Nicolás (Farfán),Sanctórum de Lázaro Cárdenas
90233,Pachuquilla,Sanctórum de Lázaro Cárdenas
90234,Estación Contadero,Sanctórum de Lázaro Cárdenas
90234,Doña Evelia (Los Alpinos),Sanctórum de Lázaro Cárdenas
90234,Esquibajas,Sanctórum de Lázaro Cárdenas
90234,La Garita,Sanctórum de Lázaro Cárdenas
90234,La Presa de Pozuelos,Sanctórum de Lázaro Cárdenas
90234,La Providencia,Sanctórum de Lázaro Cárdenas
90234,Las Palomas,Sanctórum de Lázaro Cárdenas
90234,Los Alpinos,Sanctórum de Lázaro Cárdenas
90234,San Leonardo Arroyo,Sanctórum de Lázaro Cárdenas
90234,Santa Cruz,Sanctórum de Lázaro Cárdenas
90235,NCP Álvaro Obregón,Benito Juárez
90235,Benito Juárez,Benito Juárez
90235,Ampliación Progreso,Benito Juárez
90240,San Ildefonso Hueyotlipan,Hueyotlipan
90240,Los Hornitos,Hueyotlipan
90240,La Cañada,Hueyotlipan
90240,El Jardín,Hueyotlipan
90240,El Resumidero,Hueyotlipan
90240,La Ardilla,Hueyotlipan
90240,Los Caifanes (La Purísima),Hueyotlipan
90240,Playa Azul,Hueyotlipan
90241,San Simeon Xipetzinco,Hueyotlipan
90243,San Andrés Cuaximala,Hueyotlipan
90243,El Carmen (Las Carrozas),Hueyotlipan
90243,Agua Limpia,Hueyotlipan
90244,Santa María Ixcontla,Hueyotlipan
90244,Santiago Tlalpan,Hueyotlipan
90244,Las Tórtolas,Hueyotlipan
90244,Potrero Grande,Hueyotlipan
90244,San Manuel Tlalpan,Hueyotlipan
90245,San Diego Recoba,Hueyotlipan
90246,Ignacio Zaragoza,Hueyotlipan
90246,Adolfo López Mateos,Hueyotlipan
90246,Emilio Sánchez Piedras,Hueyotlipan
90246,Hacienda San Blas Cuaxomulco,Hueyotlipan
90247,La Cruz Techalote,Hueyotlipan
90247,San Lorenzo Techalote,Hueyotlipan
90247,Hacienda San Fernando,Hueyotlipan
90247,Loma Bonita,Hueyotlipan
90247,NCP San Antonio Techalote,Hueyotlipan
90247,El Pilar,Hueyotlipan
90247,La Purísima,Hueyotlipan
90247,Santo Tomás (El Nopal),Hueyotlipan
90247,San Antonio Techalote,Hueyotlipan
90247,San Fernando,Hueyotlipan
90247,Santa Lucía,Hueyotlipan
90250,San José Atotonilco,Tlaxco
90250,José María Morelos Buenavista,Tlaxco
90250,Tlaxco,Tlaxco
90250,Tepatlaxco,Tlaxco
90250,San Juan,Tlaxco
90250,Ejidal,Tlaxco
90250,Iturbide,Tlaxco
90250,Postal,Tlaxco
90250,Las Ánimas,Tlaxco
90250,Xomitla,Tlaxco
90250,Las Maravillas,Tlaxco
90250,La Mesa del Cielo,Tlaxco
90250,Juan Arroyo (San Isidro),Tlaxco
90250,La Vega,Tlaxco
90250,Tablon de Guadalupe Payuca,Tlaxco
90250,Los Serranos,Tlaxco
90250,El Calvario,Tlaxco
90251,San Antonio Huexotitla,Tlaxco
90251,Guadalupe Huexotitla,Tlaxco
90251,Xochuca,Tlaxco
90251,NCPE la Herradura,Tlaxco
90253,Vista Hermosa,Tlaxco
90255,Acopinalco del Peñón,Tlaxco
90255,Grande,Tlaxco
90255,Chico,Tlaxco
90255,El Sabinal,Tlaxco
90255,Santiago Tlatepoxco,Tlaxco
90255,El Nacimiento,Tlaxco
90255,La Candelaria,Tlaxco
90256,El Rosario,Tlaxco
90257,San Pedro la Cueva,Tlaxco
90257,La Pedregosa,Tlaxco
90257,El Tintero,Tlaxco
90257,El Limón,Tlaxco
90257,El Mirador,Tlaxco
90257,El Paraje,Tlaxco
90257,Clemente Muñoz,Tlaxco
90257,El Sotol,Tlaxco
90257,San José el Escombro,Tlaxco
90257,El Catorce,Tlaxco
90257,Diego Muñoz Camargo,Tlaxco
90257,Piedra Blanca,Tlaxco
90257,La Herradura,Tlaxco
90258,Río Blanco (El Doce),Tlaxco
90258,La Cieneguilla,Tlaxco
90258,Al final de la Senda,Tlaxco
90258,Juan Antonio Burle Lomelí,Tlaxco
90258,La Paz,Tlaxco
90258,Llanos de Teopa (Valle Escondido),Tlaxco
90258,Kilómetro 31,Tlaxco
90259,Nuevo,Tlaxco
90259,Corralillos,Tlaxco
90259,Los Panchos,Tlaxco
90260,La Magdalena Soltepec,Tlaxco
90260,Lagunilla,Tlaxco
90260,Soltepec,Tlaxco
90261,Las Vigas,Tlaxco
90261,Profesor Graciano Sánchez,Tlaxco
90261,El Desierto,Tlaxco
90261,Cinegético Cruz Verde,Tlaxco
90262,Mariano Matamoros,Tlaxco
90262,Mazaquiáhuac,Tlaxco
90263,Casa Blanca,Tlaxco
90264,Ex-Hacienda San Miguel Mimiahuapan,Tlaxco
90264,Unión Ejidal Tierra y Libertad,Tlaxco
90264,Maguey Cenizo,Tlaxco
90264,La Trasquila,Tlaxco
90265,San Lorenzo Soltepec,Tlaxco
90265,El Perpetuo Socorro,Tlaxco
90265,San Agustín,Tlaxco
90265,El Pato,Tlaxco
90265,El Santísimo,Tlaxco
90265,Ex-hacienda San Buenaventura,Tlaxco
90265,Santa María,Tlaxco
90265,Santa Inés,Tlaxco
90265,Santa Cruz,Tlaxco
90266,La Providencia,Tlaxco
90266,San Francisco Quintanilla,Tlaxco
90266,Alta Luz,Tlaxco
90266,San Diego Quintanilla,Tlaxco
90266,El Fresno,Tlaxco
90267,San José Tepeyahualco,Tlaxco
90270,Tecomalucan,Tlaxco
90270,El Paraíso,Tlaxco
90270,Conzoquio,Tlaxco
90271,Máximo Rojas Xalóstoc,Tlaxco
90273,El Convento,Tlaxco
90273,Ex-hacienda San Pedro Metla,Tlaxco
90273,Santa Rosa de Lima,Tlaxco
90273,El Chupadero,Tlaxco
90274,La Palma,Tlaxco
90274,Las Arandelas,Tlaxco
90274,El Mirador,Tlaxco
90274,La Lobera,Tlaxco
90274,La Rosa,Tlaxco
90274,Los Capulines,Tlaxco
90274,Loma de Enmedio,Tlaxco
90274,Tetzitzilica,Tlaxco
90274,Los Charcos,Tlaxco
90274,La Ciénega,Tlaxco
90274,Las Palomas,Tlaxco
90275,Capilla de Tepeyahualco,Tlaxco
90275,Rancho Ojo de Agua,Tlaxco
90275,Las Mesas,Tlaxco
90276,El Potrero,Tlaxco
90276,El Potrero Mazayolo,Tlaxco
90276,El Llano,Tlaxco
90276,La Loma del Cortijo,Tlaxco
90276,Metla (Los Pinos),Tlaxco
90276,Toltecapa,Tlaxco
90276,Tlaquexpa,Tlaxco
90276,La Pera,Tlaxco
90277,Ciudad Industrial Xicohténcatl III,Tlaxco
90277,Comisión Federal de Electricidad-La Martinica,Tlaxco
90277,La Tronconera,Tlaxco
90277,El Grullo,Tlaxco
90277,El Volador,Tlaxco
90277,Santa Fe,Tlaxco
90277,San Pablo el Mirador,Tlaxco
90277,Tierra Nueva,Tlaxco
90277,El Jardín,Tlaxco
90277,El Tecorral,Tlaxco
90277,Las Tórtolas,Tlaxco
90277,San Baltazar,Tlaxco
90277,El Mirador (Teresa Rivera),Tlaxco
90277,La Loma del Jardín,Tlaxco
90278,Titichilco,Tlaxco
90278,San Antonio Chapultepec,Tlaxco
90278,Dos Barrancas,Tlaxco
90278,San Martín,Tlaxco
90278,Agua Escondida,Tlaxco
90278,Los Polos,Tlaxco
90278,Seco el Viejo,Tlaxco
90278,Los Laureles,Tlaxco
90278,Santa María Zotoluca,Tlaxco
90278,San José Atotonilco,Tlaxco
90278,Seco,Tlaxco
90278,Santa Cruz Rancho Seco,Tlaxco
90278,Campo David,Tlaxco
90280,Niños Héroes de Chapultepec,Nanacamilpa de Mariano Arista
90280,Mifive,Nanacamilpa de Mariano Arista
90280,Los Rosales,Nanacamilpa de Mariano Arista
90280,La Unión,Nanacamilpa de Mariano Arista
90280,Media Caballería,Nanacamilpa de Mariano Arista
90280,El Carmen,Nanacamilpa de Mariano Arista
90280,Agua Escondida,Nanacamilpa de Mariano Arista
90280,Antorchista San Cayetano,Nanacamilpa de Mariano Arista
90280,Domingo Arenas,Nanacamilpa de Mariano Arista
90280,Chapultepec,Nanacamilpa de Mariano Arista
90280,Francisco Villa,Nanacamilpa de Mariano Arista
90280,Obregón,Nanacamilpa de Mariano Arista
90280,INFONAVIT Mineros,Nanacamilpa de Mariano Arista
90280,Loma Bonita,Nanacamilpa de Mariano Arista
90280,Loreto,Nanacamilpa de Mariano Arista
90280,La Villa,Nanacamilpa de Mariano Arista
90283,Amaxac,Nanacamilpa de Mariano Arista
90283,La Candelaria,Nanacamilpa de Mariano Arista
90283,Los Delgadillo,Nanacamilpa de Mariano Arista
90283,José Eduardo Hernández Fernández,Nanacamilpa de Mariano Arista
90284,Ixtafiayuca,Nanacamilpa de Mariano Arista
90284,Domingo Arenas (La Calera),Nanacamilpa de Mariano Arista
90284,Francisco I. Madero,Nanacamilpa de Mariano Arista
90284,Entronque Nanacamilpa,Nanacamilpa de Mariano Arista
90286,Constantino Zavala,Nanacamilpa de Mariano Arista
90286,Manuel Estrada,Nanacamilpa de Mariano Arista
90286,Tepuente,Nanacamilpa de Mariano Arista
90288,San Isidro,Nanacamilpa de Mariano Arista
90288,Miguel Lira y Ortega,Nanacamilpa de Mariano Arista
90288,San Felipe Hidalgo,Nanacamilpa de Mariano Arista
90290,Españita,Españita
90290,El Carmen,Españita
90290,San Miguel,Españita
90291,San Juan Mitepec,Españita
90292,San Francisco Mitepec,Españita
90292,San Miguel Pipiyola,Españita
90292,San Pablo,Españita
90293,Álvaro Obregón,Españita
90293,San Agustín,Españita
90293,La Joya,Españita
90293,Francisco I. Madero el Viejo,Españita
90293,La Concepción,Españita
90293,Pablo García Sánchez (Rancho Tecuicuilco),Españita
90293,Rancho Nuevo,Españita
90293,Lindavista,Españita
90294,Miguel Aldama,Españita
90294,La Soledad,Españita
90294,Las Pilas,Españita
90294,El Relicario,Españita
90294,Guillén,Españita
90294,San Miguel Tepalca,Españita
90295,La Magdalena Cuextotitla,Españita
90295,Barrio de Torres,Españita
90297,Vicente Guerrero,Españita
90297,Lagunitas,Españita
90297,El Ocotal (Roque Sánchez),Españita
90297,El Agua Santa (Las Tinas),Españita
90297,El Calicanto,Españita
90298,La Constancia,Españita
90298,La Reforma,Españita
90298,La Valentina,Españita
90298,Los Capulines,Españita
90298,San Miguel el Piñón,Españita
90298,Asilo de Anciano San Judas Tadeo,Españita
90298,El Potrero,Españita
90298,San José Bellavista,Españita
90298,El Capulín,Españita
90298,San Antonio,Españita
90300,Centro,Apizaco
90319,Rodan,Apizaco
90320,Granjas de Guadalupe,Apizaco
90323,Cerrito de Guadalupe,Apizaco
90329,Fuentes de Actipan,Apizaco
90329,Hogares Ferrocarrileros,Apizaco
90329,Hogares Ferrocarrileros 3,Apizaco
90329,Atenco,Apizaco
90330,Guadalupe,Apizaco
90337,San Martín de Porres,Apizaco
90338,Bellavista,Apizaco
90338,El Carmen,Apizaco
90338,San Diego Crom,Apizaco
90339,San Miguel,Apizaco
90340,Santa Rosa,Apizaco
90341,20 de Noviembre,Apizaco
90342,Ferrocarrilera,Apizaco
90342,Adolfo López Mateos,Apizaco
90342,Emilio Sánchez Piedras,Apizaco
90347,La Ciénega,Apizaco
90350,Buenos Aires,Apizaco
90350,INFONAVIT CTM,Apizaco
90350,INFONAVIT San Rafael Atlixtac,Apizaco
90355,Villa Santa Clara,Apizaco
90355,Villas del Monte,Apizaco
90355,Parque Ingles Residencial,Apizaco
90355,Villas de Apizaco,Apizaco
90355,Villa Santa Anita,Apizaco
90355,Loma Paraíso,Apizaco
90355,FOVISSSTE Loma Verde,Apizaco
90355,INFONAVIT Loma Verde,Apizaco
90355,Real del Bosque,Apizaco
90355,Real del Valle,Apizaco
90355,Paso de Cortés I,Apizaco
90355,Paso de Cortés II,Apizaco
90355,La Perla,Apizaco
90355,La Perla II,Apizaco
90355,Apatlahuaya,Apizaco
90355,San Diego,Apizaco
90356,Loma Florida 1a Secc,Apizaco
90356,Loma Florida 2a Secc,Apizaco
90356,Los Sauces,Apizaco
90356,Nuevo México,Apizaco
90357,Benito Juárez,Apizaco
90357,Fátima,Apizaco
90357,Lindavista,Apizaco
90358,Jesús y San Juan,Apizaco
90360,Bryc,Apizaco
90360,La Cañada,Apizaco
90360,Los Morales II,Apizaco
90370,INDECO San Rafael Atlixtac,Apizaco
90370,Zaragoza,Apizaco
90370,Campestre los Sabinos,Apizaco
90378,Loma Santa Anita,Apizaco
90380,Agrícola Covadonga,Apizaco
90380,Jardines de Apizaco,Apizaco
90380,La Soledad,Apizaco
90380,El Llano,Apizaco
90401,Villas el Pilar,Apizaco
90401,La Presa,Apizaco
90401,Benito Juárez Apizaquito,Apizaco
90401,El Calvario,Apizaco
90401,San Luis Apizaquito,Apizaco
90401,Tulio Hernández,Apizaco
90401,CERESO Apizaco,Apizaco
90401,Coporo y Cerro Azul,Apizaco
90401,San Luis,Apizaco
90401,La Paz,Apizaco
90401,El Farallon,Apizaco
90401,Residencial Las Flores,Apizaco
90401,La Colina,Apizaco
90401,Lomas de Apizaquito,Apizaco
90402,Santa Maria Texcalac,Apizaco
90402,10 de Mayo,Apizaco
90402,Francisco I. Madero,Apizaco
90402,El Cerrito,Apizaco
90403,Guadalupe Texcalac,Apizaco
90405,Cuarta Manzana,Apizaco
90405,Actipan,Apizaco
90405,Jardines de San Francisco,Apizaco
90405,José María Morelos,Apizaco
90406,San Isidro,Apizaco
90406,Lomas del Bosque,Apizaco
90406,Lomas del Bosque II,Apizaco
90406,Jardines de San Isidro,Apizaco
90407,Santa Anita Huiloac,Apizaco
90407,San Marcos,Apizaco
90407,Atlayoalco,Apizaco
90410,Atlangatepec,Atlangatepec
90410,Segunda Fracción de Olivares,Atlangatepec
90410,Tepezilapan,Atlangatepec
90410,Tercera Fracción de Olivares,Atlangatepec
90410,Cuarta Fracción de Olivares,Atlangatepec
90410,El Paraíso,Atlangatepec
90410,La Troje,Atlangatepec
90411,Agrícola San Luis,Atlangatepec
90411,Santa Clara Ozumba,Atlangatepec
90411,San Simón,Atlangatepec
90411,Cerro de las Flores,Atlangatepec
90411,El Catorce,Atlangatepec
90411,La Loma (El Cerrito),Atlangatepec
90411,La Palma,Atlangatepec
90411,La Providencia,Atlangatepec
90413,Zumpango,Atlangatepec
90413,La Flor,Atlangatepec
90413,San Felipe,Atlangatepec
90413,San José Atlanga,Atlangatepec
90413,La Cuchilla (El Alcanfor),Atlangatepec
90414,Las Barrancas,Atlangatepec
90414,Las Tinajas,Atlangatepec
90414,Los Capulines,Atlangatepec
90414,Los Encinos,Atlangatepec
90414,Santiago Villalta,Atlangatepec
90414,El Huérfano,Atlangatepec
90414,El Ocote,Atlangatepec
90414,La Joya,Atlangatepec
90414,Las Tinajas (La Tepozanera),Atlangatepec
90414,El Potrero,Atlangatepec
90414,El Encino,Atlangatepec
90415,San Pedro Ecatepec,Atlangatepec
90415,Jericó,Atlangatepec
90415,La Herradura,Atlangatepec
90415,Tenopala,Atlangatepec
90415,Sabino Grande (El Carmen),Atlangatepec
90415,San José de Santa Rosa Zacapexco,Atlangatepec
90415,San Marcos,Atlangatepec
90415,Santa Elena,Atlangatepec
90415,Santa María Tepetzala,Atlangatepec
90415,Villa de las Flores,Atlangatepec
90415,Vista Hermosa,Atlangatepec
90415,Xuxtepec,Atlangatepec
90415,El Alemán,Atlangatepec
90415,El Ocotal,Atlangatepec
90415,El Recuerdo,Atlangatepec
90415,San Antonio Tepetzala,Atlangatepec
90415,La Cañada,Atlangatepec
90416,Xalnene,Atlangatepec
90416,Los Patos,Atlangatepec
90416,Unidad Habitacional I,Atlangatepec
90416,Centro Vacacional Villa Quinta Olivares,Atlangatepec
90416,La Trasquila,Atlangatepec
90416,La Cañada,Atlangatepec
90417,Fracción San Pedro Ecatepec,Atlangatepec
90418,Benito Juárez (Tezoyo),Atlangatepec
90418,Loma Bonita,Atlangatepec
90420,Muñoz,Muñoz de Domingo Arenas
90420,Los Álamos,Muñoz de Domingo Arenas
90421,Guadalupe Estación,Muñoz de Domingo Arenas
90421,San José Cuamantzingo,Muñoz de Domingo Arenas
90421,San Bartolo Cuamantzingo,Muñoz de Domingo Arenas
90423,La Bodega,Muñoz de Domingo Arenas
90423,Cuatro Caballos,Muñoz de Domingo Arenas
90423,Los Rodríguez,Muñoz de Domingo Arenas
90425,San Isidro Chipila,Muñoz de Domingo Arenas
90425,De Zacatepec,Muñoz de Domingo Arenas
90427,Guadalupe Cuauhtémoc,Muñoz de Domingo Arenas
90427,Muñoz,Muñoz de Domingo Arenas
90427,Ex-hacienda de Guadalupe,Muñoz de Domingo Arenas
90430,2da. San Bartolomé Matlalohcan,Tetla de la Solidaridad
90430,Prados Residencial,Tetla de la Solidaridad
90430,Antorcha Revolucionaria INFONAVIT Tetla,Tetla de la Solidaridad
90430,1ra. San Bartolomé Matlalohcan,Tetla de la Solidaridad
90430,Teotlalpan,Tetla de la Solidaridad
90430,Los Robles,Tetla de la Solidaridad
90430,La Cañada,Tetla de la Solidaridad
90430,Jardines de San Bartolo,Tetla de la Solidaridad
90430,Metenco,Tetla de la Solidaridad
90430,4ta. San Bartolomé Matlalohcan,Tetla de la Solidaridad
90430,3ra. San Bartolomé Matlalohcan,Tetla de la Solidaridad
90430,Actipac,Tetla de la Solidaridad
90430,Cuatepec,Tetla de la Solidaridad
90430,Villa Celeste,Tetla de la Solidaridad
90430,El Pedregal,Tetla de la Solidaridad
90430,Villa de las Flores,Tetla de la Solidaridad
90430,Vista de Sol,Tetla de la Solidaridad
90430,América del Sur,Tetla de la Solidaridad
90430,Las Arboledas,Tetla de la Solidaridad
90430,Los Sabinales,Tetla de la Solidaridad
90430,Paseos de Tetla,Tetla de la Solidaridad
90430,Alberto Juárez Blancas,Tetla de la Solidaridad
90430,Villas de Tetla,Tetla de la Solidaridad
90430,Ocotitla,Tetla de la Solidaridad
90430,Las Cabañas,Tetla de la Solidaridad
90432,1ra. Manzana San Francisco Atezcatzinco,Tetla de la Solidaridad
90432,Paseos de Xolalpa,Tetla de la Solidaridad
90432,San Francisco Atexcatzinco 3ra. Manzana,Tetla de la Solidaridad
90432,4ta. Manzana San Francisco Atexcatzinco,Tetla de la Solidaridad
90432,San Francisco Atexcatzinco 2da. Manzana,Tetla de la Solidaridad
90432,Anastacio Lemus,Tetla de la Solidaridad
90432,La Loma,Tetla de la Solidaridad
90432,Alejandro López Ávila (Los Temontones),Tetla de la Solidaridad
90432,Santa Margarita,Tetla de la Solidaridad
90433,Chautzingo,Tetla de la Solidaridad
90433,Los Dolores,Tetla de la Solidaridad
90433,De Apizaquito,Tetla de la Solidaridad
90433,San Juan,Tetla de la Solidaridad
90434,José María Morelos y Pavón,Tetla de la Solidaridad
90434,Ciudad Industrial Xicohténcatl,Tetla de la Solidaridad
90434,Campo David,Tetla de la Solidaridad
90434,El Ocote,Tetla de la Solidaridad
90434,Felipe Gutiérrez,Tetla de la Solidaridad
90434,Ricardo Flores Magón,Tetla de la Solidaridad
90434,La Caridad,Tetla de la Solidaridad
90434,San Miguel,Tetla de la Solidaridad
90434,De Gómez,Tetla de la Solidaridad
90434,Las Arenas,Tetla de la Solidaridad
90435,Capulac,Tetla de la Solidaridad
90435,San Gregorio,Tetla de la Solidaridad
90435,La Divina Providencia,Tetla de la Solidaridad
90435,Santa Fe la Troje,Tetla de la Solidaridad
90435,Guillermo Macías,Tetla de la Solidaridad
90435,El Pozo,Tetla de la Solidaridad
90435,El Prado,Tetla de la Solidaridad
90435,Fracción el Derramadero,Tetla de la Solidaridad
90436,NCPE San Francisco Tepeyanco,Tetla de la Solidaridad
90436,Juan Lima Olivares,Tetla de la Solidaridad
90437,San José Piedras Negras,Tetla de la Solidaridad
90437,San Isidro Piedras Negras,Tetla de la Solidaridad
90438,Santa Rosa Mena,Tetla de la Solidaridad
90438,San Isidro,Tetla de la Solidaridad
90438,Plan de Ayala,Tetla de la Solidaridad
90438,El Corazón,Tetla de la Solidaridad
90438,La Concepción,Tetla de la Solidaridad
90440,San Martín Xaltocan,Xaltocan
90440,San Simón Tlatlahuquitepec,Xaltocan
90440,Cuatla,Xaltocan
90440,Topilco de Juárez,Xaltocan
90440,Puerto Arturo,Xaltocan
90440,Jardines de Xaltocan,Xaltocan
90440,Atzacoalco,Xaltocan
90440,Alva,Xaltocan
90440,Tlalapechco,Xaltocan
90440,Loma Dorada,Xaltocan
90443,Santa Bárbara Acuicuizcatepec,Xaltocan
90443,Cañada de Chipila,Xaltocan
90443,Nueva Ampliación Adolfo Ruiz Cortínez,Xaltocan
90443,San José Texopa,Xaltocan
90443,Las Mesas,Xaltocan
90443,La Retama,Xaltocan
90444,La Ascensión Huitzcolotepec,Xaltocan
90445,San Lucas Tecopilco,San Lucas Tecopilco
90445,Toltecapa,San Lucas Tecopilco
90445,Cauatla,San Lucas Tecopilco
90445,Loma Bonita,San Lucas Tecopilco
90446,Las Cañadas,San Lucas Tecopilco
90446,El Llano,San Lucas Tecopilco
90448,San José Rosastitla,San Lucas Tecopilco
90448,Tlaxcantitla,San Lucas Tecopilco
90450,La Noria,Yauhquemehcan
90450,San Dionisio Yauhquemehcan,Yauhquemehcan
90450,San Francisco Tlacuilohcan,Yauhquemehcan
90450,San Lorenzo Tlacualoyan,Yauhquemehcan
90450,Santa Úrsula Zimatepec,Yauhquemehcan
90450,La Noria II,Yauhquemehcan
90450,Viky,Yauhquemehcan
90450,La Corona,Yauhquemehcan
90450,Cruztitla,Yauhquemehcan
90450,Malintzi I,Yauhquemehcan
90450,El Padrino II,Yauhquemehcan
90450,El Padrino I,Yauhquemehcan
90450,La Cima de Piedra II,Yauhquemehcan
90450,Los Sauces IV,Yauhquemehcan
90450,La Esperanza,Yauhquemehcan
90450,Los Sauces I,Yauhquemehcan
90450,La Palma,Yauhquemehcan
90450,La Huerta,Yauhquemehcan
90450,La Aurora,Yauhquemehcan
90450,Xalcuentla,Yauhquemehcan
90450,La Huerta I,Yauhquemehcan
90450,Jardines de Santa Úrsula,Yauhquemehcan
90450,Los Sauces II,Yauhquemehcan
90450,Los Sauces III,Yauhquemehcan
90450,El Padrino III,Yauhquemehcan
90450,Los Sauces V,Yauhquemehcan
90450,Villa Hermosa,Yauhquemehcan
90450,El Pedregal,Yauhquemehcan
90450,Ahuaxtla,Yauhquemehcan
90450,La Cima de Piedra I,Yauhquemehcan
90450,Las Rosas 2000,Yauhquemehcan
90450,La Soledad (El Charco),Yauhquemehcan
90453,San Benito Xaltocan,Yauhquemehcan
90453,Doctores,Yauhquemehcan
90453,Villa Alta,Yauhquemehcan
90453,La Libertad,Yauhquemehcan
90453,La Joya,Yauhquemehcan
90453,Las Torres,Yauhquemehcan
90454,Arenal,Yauhquemehcan
90454,San José Tetel,Yauhquemehcan
90454,Axotecatl,Yauhquemehcan
90454,Coyotla,Yauhquemehcan
90454,Pentágono,Yauhquemehcan
90454,Paraíso,Yauhquemehcan
90454,El Mirador II,Yauhquemehcan
90454,Emilio Sánchez Piedras,Yauhquemehcan
90454,El Palmar,Yauhquemehcan
90454,Vista los Volcanes II,Yauhquemehcan
90454,Vista los Volcanes I,Yauhquemehcan
90454,Villas la Monumental,Yauhquemehcan
90454,Modulo el Mirador,Yauhquemehcan
90454,Acuario,Yauhquemehcan
90454,La Unión,Yauhquemehcan
90454,Los Patios,Yauhquemehcan
90454,Arcos Tetel I,Yauhquemehcan
90454,Arboledas,Yauhquemehcan
90454,Arcos Tetel II,Yauhquemehcan
90455,Calapa,Yauhquemehcan
90455,Jazmín,Yauhquemehcan
90455,Atencingo,Yauhquemehcan
90456,El Rosario Ocotoxco,Yauhquemehcan
90457,Magdalena Tepepa,Yauhquemehcan
90457,La Luz,Yauhquemehcan
90457,Villa Arboledas,Yauhquemehcan
90459,Santa María Atlihuetzian,Yauhquemehcan
90459,Lomas de la Misión,Yauhquemehcan
90459,Cuarta Sección,Yauhquemehcan
90459,Hualcaltzinco,Yauhquemehcan
90459,San José Tepoxtla,Yauhquemehcan
90460,Conjunto habitacional Pronavi San Cosme,Xaloztoc
90460,San Cosme Xaloztoc,Xaloztoc
90460,San Pedro Tlacotepec,Xaloztoc
90460,Guadalupe Texmolac,Xaloztoc
90460,Venustiano Carranza,Xaloztoc
90460,Tetitla,Xaloztoc
90460,Santa Martha,Xaloztoc
90460,La Sierra,Xaloztoc
90460,Santa Cruz Zacatzontetla,Xaloztoc
90460,El Jagüey Prieto,Xaloztoc
90460,Florencia Sánchez Nava,Xaloztoc
90463,José López Portillo,Xaloztoc
90465,Velazco,Xaloztoc
90465,Los Corrales,Xaloztoc
90480,Santa María Tocatlán,Tocatlán
90480,San José,Tocatlán
90482,Venustiano Carranza,Tocatlán
90484,Acocotla,Tocatlán
90490,El Divino Salvador,Tzompantepec
90490,San Salvador Tzompantepec,Tzompantepec
90490,Jean Charlot II,Tzompantepec
90490,San Pablo,Tzompantepec
90490,Los Girasoles,Tzompantepec
90490,Zauhtla,Tzompantepec
90490,Doña María,Tzompantepec
90490,San Andrés,Tzompantepec
90490,San Juan,Tzompantepec
90490,Jean Charlot I,Tzompantepec
90490,Jean Charlot III,Tzompantepec
90490,Tepozotenco,Tzompantepec
90491,San Andrés Ahuashuatepec,Tzompantepec
90491,Cuayecatl,Tzompantepec
90491,El Llano,Tzompantepec
90491,Cruztitla (Coyoeca),Tzompantepec
90491,Meyalco,Tzompantepec
90491,La Estrella,Tzompantepec
90491,Loma Dorada,Tzompantepec
90491,19 de Noviembre,Tzompantepec
90493,San Juan Quetzalcoapan,Tzompantepec
90493,Mazapa (Rancho los Juanes),Tzompantepec
90494,San Mateo Inophil,Tzompantepec
90494,La Providencia las Huertas,Tzompantepec
90494,Amoltepec,Tzompantepec
90494,Xaltianquisco,Tzompantepec
90495,1ra. Sección San José Teacalco,San José Teacalco
90495,4ta. Sección San José Teacalco,San José Teacalco
90496,5ta. Sección San José Teacalco,San José Teacalco
90496,3ra. Sección San José Teacalco,San José Teacalco
90497,2da. Sección San José Teacalco,San José Teacalco
90497,Ex-rancho San Nicolás Cuatlapanga,San José Teacalco
90497,El Encinal Dos de Mayo,San José Teacalco
90497,San Pedro Mártir,San José Teacalco
90497,Ecológica,San José Teacalco
90498,San Luis,San José Teacalco
90500,Huamantla Centro,Huamantla
90502,El Calvario,Huamantla
90502,Santa Cruz,Huamantla
90502,La Santísima,Huamantla
90502,El Encanto,Huamantla
90502,Del Dulce Nombre,Huamantla
90502,De Jesús,Huamantla
90503,San Carlos,Huamantla
90503,San Juan,Huamantla
90503,Santa Ana,Huamantla
90503,Cuamanco,Huamantla
90503,Villa de las Flores,Huamantla
90503,El Cornejal,Huamantla
90505,La Preciosa,Huamantla
90505,San Francisco Yancuitlalpan,Huamantla
90505,San José,Huamantla
90505,San Antonio,Huamantla
90505,Santa Maria Yancuitlalpan,Huamantla
90505,San Miguel,Huamantla
90505,Jardines de San Manuel,Huamantla
90506,Ignacio Zaragoza,Huamantla
90506,Nuevos Horizontes,Huamantla
90506,Emiliano Zapata,Huamantla
90506,La Estación,Huamantla
90506,Viva,Huamantla
90506,Tierra y Libertad,Huamantla
90507,San Lucas,Huamantla
90507,San Francisco,Huamantla
90507,Unión y Progreso,Huamantla
90507,San Francisquito,Huamantla
90508,La Palma,Huamantla
90508,INFONAVIT 15 de Agosto,Huamantla
90508,San Sebastián,Huamantla
90508,Santa Anita,Huamantla
90508,La Giralda,Huamantla
90508,La Cañada,Huamantla
90508,Juárez,Huamantla
90508,Los Volcanes II,Huamantla
90508,Los Volcanes,Huamantla
90508,La Esmeralda,Huamantla
90508,Arboledas,Huamantla
90508,El Jagüey,Huamantla
90508,Los Álamos,Huamantla
90509,Ciudad Industrial Xicohténcatl,Huamantla
90509,Agrícola San Martín Notario,Huamantla
90510,Los Pilares,Huamantla
90510,Ignacio Zaragoza,Huamantla
90513,Hermenegildo Galeana,Huamantla
90513,El Carmen Xalpatlahuaya,Huamantla
90513,N.C.P. San Diego Xalpatlahuaya,Huamantla
90514,Benito Juárez,Huamantla
90514,Francisco I. Madero la Mesa,Huamantla
90514,Francisco I. Madero Tecoac,Huamantla
90514,Francisco Villa Tecoac,Huamantla
90514,El Molino,Huamantla
90514,De Torres,Huamantla
90514,La Lima,Huamantla
90515,El Valle,Huamantla
90515,San José Xicohtencatl,Huamantla
90515,Ampliación Felipe Carrillo Puerto,Huamantla
90515,NCP José María Morelos,Huamantla
90520,San Francisco Tecoac,Huamantla
90520,Lázaro Cárdenas,Huamantla
90520,San Francisco Notario,Huamantla
90525,Chapultepec,Huamantla
90525,La Cruz,Huamantla
90525,Licenciado Mauro Angulo,Huamantla
90525,N.C.P. San José Teacalco,Huamantla
90526,General Francisco Villa,Huamantla
90526,San Martín Notario,Huamantla
90526,Acasillados San Martín Notario,Huamantla
90527,Cuauhtémoc,Huamantla
90530,José María Morelos,Huamantla
90530,De Jesús,Huamantla
90530,San Miguel Báez,Huamantla
90530,De la Cruz,Huamantla
90534,Mariano Matamoros,Huamantla
90534,Altamira Guadalupe,Huamantla
90540,Terrenate,Terrenate
90540,Chipilo,Terrenate
90540,Chapultepec,Terrenate
90542,La Caldera,Terrenate
90542,San José Villarreal,Terrenate
90542,El Pilancón,Terrenate
90542,El Capulín,Terrenate
90543,Nicolás Bravo,Terrenate
90543,El Capulín,Terrenate
90543,Guadalupe Victoria,Terrenate
90543,Los Ameles (Acolco),Terrenate
90544,Toluca de Guadalupe,Terrenate
90545,Lázaro Cárdenas,Lázaro Cárdenas
90545,La Mancera,Lázaro Cárdenas
90545,Maribel,Lázaro Cárdenas
90545,Atlixtaca,Lázaro Cárdenas
90546,El Palomar,Lázaro Cárdenas
90546,San José de la Laguna,Lázaro Cárdenas
90547,Emiliano Zapata,Emiliano Zapata
90547,Guadalupe,Emiliano Zapata
90547,Las Palomas,Emiliano Zapata
90547,Guardamonte,Emiliano Zapata
90547,La Venta,Emiliano Zapata
90547,Coamila,Emiliano Zapata
90547,Atotonilco,Emiliano Zapata
90547,Los Encinos,Emiliano Zapata
90547,Tipitzila,Emiliano Zapata
90548,Ahilitla,Emiliano Zapata
90548,San Nicolás,Emiliano Zapata
90548,Vista Hermosa,Emiliano Zapata
90548,Cruz Verde,Emiliano Zapata
90548,Tlaximaloya (La Amapola),Emiliano Zapata
90548,Ojo de Agua,Emiliano Zapata
90548,Gustavo Díaz Ordaz,Emiliano Zapata
90548,La Loma,Emiliano Zapata
90548,Tecoaquillo,Emiliano Zapata
90548,El Ciprés,Emiliano Zapata
90548,Tres Ríos,Emiliano Zapata
90548,El Epazote,Emiliano Zapata
90550,De la Concepción,Atltzayanca
90550,Santiago,Atltzayanca
90550,San Antonio,Atltzayanca
90550,San José Miravalle,Atltzayanca
90553,La Garita,Atltzayanca
90554,Xaltitla,Atltzayanca
90554,San José Buenavista,Atltzayanca
90554,San José Pilancón,Atltzayanca
90554,San Francisco Axopilco,Atltzayanca
90554,Carreta,Atltzayanca
90554,José Fernández,Atltzayanca
90554,Aurelio Aguilar,Atltzayanca
90554,Techachalco,Atltzayanca
90554,Xarero Xaltitla,Atltzayanca
90554,San Antonio Tecopilco,Atltzayanca
90555,Concepción Hidalgo,Atltzayanca
90555,Felipe Carrillo Puerto,Atltzayanca
90555,Lázaro Cárdenas,Atltzayanca
90555,La Rincona,Atltzayanca
90555,Blanco,Atltzayanca
90555,Mazehualpa,Atltzayanca
90555,San José Xalasco,Atltzayanca
90555,Ocotla,Atltzayanca
90556,Mesa Redonda,Atltzayanca
90556,San Juan Ocotitla,Atltzayanca
90557,Nexnopala,Atltzayanca
90557,Jesús,Atltzayanca
90557,La Higuera,Atltzayanca
90557,Nazareth,Atltzayanca
90557,San Miguel Franco,Atltzayanca
90557,Santa Martha,Atltzayanca
90557,Guadalupe,Atltzayanca
90557,Delicias,Atltzayanca
90558,Santa Cruz Pocitos,Atltzayanca
90558,Santa María las Cuevas,Atltzayanca
90558,El Piñonal (Guadalupe el Piñonal),Atltzayanca
90558,Los Ocalitos,Atltzayanca
90558,Miahuapan el Alto,Atltzayanca
90558,Miahuapan el Bajo,Atltzayanca
90558,Pocitos,Atltzayanca
90558,Loma de Junguito,Atltzayanca
90560,San Antonio,Cuapiaxtla
90560,Los Ángeles,Cuapiaxtla
90560,Alta Luz,Cuapiaxtla
90560,De Guadalupe,Cuapiaxtla
90560,San Miguel,Cuapiaxtla
90562,San Francisco Cuexcontzi,Cuapiaxtla
90562,San Francisco Cuexcomatepec,Cuapiaxtla
90563,La Soledad,Cuapiaxtla
90563,San Cristóbal del Río,Cuapiaxtla
90563,Egipto,Cuapiaxtla
90563,José María Morelos,Cuapiaxtla
90564,Granja de Guadalupe,Cuapiaxtla
90564,El Tejocote,Cuapiaxtla
90564,Mazarraza,Cuapiaxtla
90564,Del Valle,Cuapiaxtla
90564,Santa Rebeca,Cuapiaxtla
90564,Plan de Ayala,Cuapiaxtla
90565,Loma Bonita,Cuapiaxtla
90565,Santa Fe Uno,Cuapiaxtla
90565,Manuel Ávila Camacho,Cuapiaxtla
90565,Santa Beatriz la Nueva,Cuapiaxtla
90567,La Asunción Rascona,Cuapiaxtla
90568,Ignacio Allende,Cuapiaxtla
90568,Allende,Cuapiaxtla
90568,San Rafael Tepatlaxco (Unión y Progreso),Cuapiaxtla
90568,San Miguel Teometitla,Cuapiaxtla
90568,La Granja (Camino a Franco),Cuapiaxtla
90570,Villa del Carmen Tequexquitla,El Carmen Tequexquitla
90570,De Guadalupe,El Carmen Tequexquitla
90573,Mazatepec,El Carmen Tequexquitla
90575,La Soledad,El Carmen Tequexquitla
90576,Vicente Guerrero,El Carmen Tequexquitla
90577,Ocotlán Temalacayucan,El Carmen Tequexquitla
90580,San Juan Primero,Ixtenco
90580,San Gabriel Primero,Ixtenco
90580,San Gabriel Segundo,Ixtenco
90580,San Juan Segundo,Ixtenco
90583,Santiago,Ixtenco
90583,Resurrección Segundo,Ixtenco
90583,Resurrección Primero,Ixtenco
90585,San Antonio Primero,Ixtenco
90585,San Antonio Segundo,Ixtenco
90585,La Era,Ixtenco
90590,Zitlaltépec,Ziltlaltépec de Trinidad Sánchez Santos
90590,Guadalupe,Ziltlaltépec de Trinidad Sánchez Santos
90590,El Lindero,Ziltlaltépec de Trinidad Sánchez Santos
90592,San Juan Bautista Mier,Ziltlaltépec de Trinidad Sánchez Santos
90595,Guadalupe los Capulines,Ziltlaltépec de Trinidad Sánchez Santos
90596,Francisco Javier Mina,Ziltlaltépec de Trinidad Sánchez Santos
90600,Providencia,Apetatitlán de Antonio Carvajal
90600,Apetatitlán,Apetatitlán de Antonio Carvajal
90600,Petroquímica,Apetatitlán de Antonio Carvajal
90600,Tlahuicole IMSS,Apetatitlán de Antonio Carvajal
90604,La Loma,Apetatitlán de Antonio Carvajal
90605,Belén Atzitzimititlán,Apetatitlán de Antonio Carvajal
90606,San Matías Tepetomatitlán,Apetatitlán de Antonio Carvajal
90608,Tecolotla,Apetatitlán de Antonio Carvajal
90610,Tlatempan,Apetatitlán de Antonio Carvajal
90610,Jesús,Apetatitlán de Antonio Carvajal
90620,Amaxac de Guerrero,Amaxac de Guerrero
90623,Tercera Sección,Amaxac de Guerrero
90624,Primera Sección,Amaxac de Guerrero
90635,San Damián Tlacocalpan,Amaxac de Guerrero
90635,La Preciosa,Amaxac de Guerrero
90640,Punta Real,Santa Cruz Tlaxcala
90640,Guadalupe Tlachco,Santa Cruz Tlaxcala
90640,San Lucas Tlacochcalco,Santa Cruz Tlaxcala
90640,San Miguel Contla,Santa Cruz Tlaxcala
90640,Santa Cruz Tlaxcala,Santa Cruz Tlaxcala
90640,Ex-Hacienda San Manuel,Santa Cruz Tlaxcala
90640,Los Vecinos (Llano Viejo),Santa Cruz Tlaxcala
90640,El Arcángel,Santa Cruz Tlaxcala
90640,Villas de San Miguel II,Santa Cruz Tlaxcala
90643,Tepetlacinco,Santa Cruz Tlaxcala
90644,El Progreso,Santa Cruz Tlaxcala
90644,Tetzotzocola,Santa Cruz Tlaxcala
90644,El Alto,Santa Cruz Tlaxcala
90644,Analco,Santa Cruz Tlaxcala
90644,Ixaquixtla,Santa Cruz Tlaxcala
90645,Centro Vacacional la Trinidad,Santa Cruz Tlaxcala
90646,Potrero Viejo,Santa Cruz Tlaxcala
90650,Jesús Huitznáhuac,Santa Cruz Tlaxcala
90653,Xamistla,Santa Cruz Tlaxcala
90660,San Miguel Buenavista,Cuaxomulco
90660,San Antonio,Cuaxomulco
90660,San Lorenzo Xaltelulco,Cuaxomulco
90660,Tepechapa,Cuaxomulco
90660,Zacamolpa,Cuaxomulco
90660,Primera Sección Atenco,Cuaxomulco
90660,Segunda Sección Tecuicuilco,Cuaxomulco
90660,Centro,Cuaxomulco
90660,Coxtla,Cuaxomulco
90660,Tecola,Cuaxomulco
90670,San Bernardino Contla Centro,Contla de Juan Cuamatzi
90670,Colhuaca,Contla de Juan Cuamatzi
90670,Netzahuala,Contla de Juan Cuamatzi
90670,Zencalco,Contla de Juan Cuamatzi
90670,Villa Chica,Contla de Juan Cuamatzi
90670,San Antonio,Contla de Juan Cuamatzi
90670,Xopantla,Contla de Juan Cuamatzi
90670,La Conchita,Contla de Juan Cuamatzi
90676,Santa María Tlacatecpa,Contla de Juan Cuamatzi
90680,San Miguel Xaltipa,Contla de Juan Cuamatzi
90690,San Felipe Cuauhtenco,Contla de Juan Cuamatzi
90690,La Luz,Contla de Juan Cuamatzi
90692,San José Aztatla,Contla de Juan Cuamatzi
90692,Ocotlán de Tepatlaxco,Contla de Juan Cuamatzi
90693,Santa María Aquiáhuac,Contla de Juan Cuamatzi
90693,Ixtlahuaca,Contla de Juan Cuamatzi
90700,San Mateo Ayecac,Tepetitla de Lardizábal
90700,Tepetitla,Tepetitla de Lardizábal
90700,Villa Alta,Tepetitla de Lardizábal
90700,Residencial las Palomas,Tepetitla de Lardizábal
90700,Atalaya,Tepetitla de Lardizábal
90700,Guadalupe Victoria,Tepetitla de Lardizábal
90710,La Concordia,Nativitas
90710,Nativitas,Nativitas
90710,San Miguel Tlale,Nativitas
90710,San Juan Tepactepec,Nativitas
90712,San Bernabé Capula,Nativitas
90712,San Miguel del Milagro,Nativitas
90712,San Miguel Xochitecatitla,Nativitas
90713,Jesús Tepactepec,Nativitas
90715,Guadalupe Victoria,Nativitas
90716,San Vicente Xiloxochitla,Nativitas
90716,San Francisco Tenexyecac,Nativitas
90716,Emiliano Zapata,Nativitas
90716,Santa Cruz,Nativitas
90717,San José Atoyatenco,Nativitas
90717,Matamoros,Nativitas
90717,El Rosario,Nativitas
90718,San Rafael Tenanyecac,Nativitas
90718,Colecturía,Nativitas
90718,Zanja Real,Nativitas
90721,Santiago Michac,Nativitas
90721,Santa Elena,Nativitas
90721,Segura Michac,Nativitas
90721,La Remolacha,Nativitas
90721,Loma Verde,Nativitas
90721,NCP Santa Elena Teacalco,Nativitas
90721,San Antonio,Nativitas
90721,San Antonio Teacalco,Nativitas
90722,San Miguel Analco,Nativitas
90722,Santa Clara Atoyac,Nativitas
90725,Santa Apolonia Teacalco Centro,Santa Apolonia Teacalco
90725,El Ranchito,Santa Apolonia Teacalco
90725,El Carril,Santa Apolonia Teacalco
90730,Santa Isabel Tetlatlahuca,Tetlatlahuca
90730,Santa Cruz Aquiahuac,Tetlatlahuca
90730,Atenco,Tetlatlahuca
90733,Val Quirico,Tetlatlahuca
90733,Equiah Villa Sustentable,Tetlatlahuca
90733,Santa Ana Portales,Tetlatlahuca
90733,Santa Águeda,Tetlatlahuca
90734,San Bartolomé Tenango,Tetlatlahuca
90734,San Andrés Cuamilpa,Tetlatlahuca
90734,Santa Cruz Capulinares,Tetlatlahuca
90735,El Alto,San Damián Texóloc
90736,Monterrey,San Damián Texóloc
90736,Zavaleta,San Damián Texóloc
90736,La Cueva,San Damián Texóloc
90737,Luis Echeverría,San Damián Texóloc
90738,San Jerónimo Zacualpan,San Jerónimo Zacualpan
90740,Sección Segunda,Zacatelco
90740,Sección Primera,Zacatelco
90740,La Libertad,Zacatelco
90740,Alberto Juárez Blancas,Zacatelco
90740,Las Palomas,Zacatelco
90750,Sección Tercera Gurdia,Zacatelco
90750,Sección Cuarta,Zacatelco
90750,Sección Quinta,Zacatelco
90750,Exquitla,Zacatelco
90750,Xochicalco,Zacatelco
90750,CROM Santa Inés,Zacatelco
90750,Girasoles,Zacatelco
90750,Guardia,Zacatelco
90750,Las Américas,Zacatelco
90750,Privansa,Zacatelco
90754,Domingo Arenas,Zacatelco
90760,San Lorenzo Axocomanitla,San Lorenzo Axocomanitla
90770,Santa Catarina Ayometla,Santa Catarina Ayometla
90773,Estocapa,Santa Catarina Ayometla
90774,Tlapayatla,Santa Catarina Ayometla
90775,Tlaxcaltecatla,Santa Catarina Ayometla
90780,Xicohtzingo,Xicohtzinco
90780,Santa Filomena,Xicohtzinco
90780,San Isidro,Xicohtzinco
90780,Guadalupe,Xicohtzinco
90780,El Rancho,Xicohtzinco
90780,El Llano,Xicohtzinco
90780,Capulín,Xicohtzinco
90780,El Cerrito,Xicohtzinco
90780,Chalma,Xicohtzinco
90780,Techaloya,Xicohtzinco
90780,El Llano 2,Xicohtzinco
90780,El Llano 1,Xicohtzinco
90790,San Francisco Papalotla Centro,Papalotla de Xicohténcatl
90790,Xilotzingo,Papalotla de Xicohténcatl
90790,Xolalpa,Papalotla de Xicohténcatl
90790,Xaltipa,Papalotla de Xicohténcatl
90790,El Carmen,Papalotla de Xicohténcatl
90790,La Trinidad,Papalotla de Xicohténcatl
90790,Los Reyes,Papalotla de Xicohténcatl
90790,Tenantitla,Papalotla de Xicohténcatl
90791,San Marcos Contla,Papalotla de Xicohténcatl
90794,Zacatecoma,Papalotla de Xicohténcatl
90796,Panzacola,Papalotla de Xicohténcatl
90796,San Juan Bosco,Papalotla de Xicohténcatl
90796,San Buenaventura,Papalotla de Xicohténcatl
90796,La Ciénega,Papalotla de Xicohténcatl
90800,Santa Ana Chiautempan Centro,Chiautempan
90800,Xaltantla,Chiautempan
90800,Lucero,Chiautempan
90802,Buenos Aires,Chiautempan
90802,Industrial,Chiautempan
90802,Los Pinos,Chiautempan
90802,Puente Picazo,Chiautempan
90802,Ximentla,Chiautempan
90802,Santa Cruz,Chiautempan
90802,San Onofre,Chiautempan
90802,Santa Cruz Tetela,Chiautempan
90802,Llanos de Tepetlapa,Chiautempan
90802,La Magdalena,Chiautempan
90803,Tlapacoyac,Chiautempan
90803,Villa de las Flores,Chiautempan
90804,Chalma,Chiautempan
90804,El Llanito,Chiautempan
90804,De Fátima,Chiautempan
90804,La Laguna,Chiautempan
90804,Los Álamos,Chiautempan
90805,La Concha,Chiautempan
90805,Panzacola,Chiautempan
90805,Reforma,Chiautempan
90805,Nueva,Chiautempan
90805,Tepetlapa,Chiautempan
90805,Del Carmen,Chiautempan
90805,La Soledad,Chiautempan
90805,San Sebastián,Chiautempan
90806,José Agustín Arrieta,Chiautempan
90806,Texcacoac,Chiautempan
90806,Xaxala,Chiautempan
90806,Constitución,Chiautempan
90806,Texcacoac,Chiautempan
90807,El Alto,Chiautempan
90807,La Malinche,Chiautempan
90807,Villas del Sabinal,Chiautempan
90810,Guadalupe Ixcotla,Chiautempan
90810,Santa Cruz Guadalupe,Chiautempan
90820,San Bartolomé Cuahuixmatlac,Chiautempan
90820,San Pedro Xochiteotla,Chiautempan
90820,San Pedro Muñoztla,Chiautempan
90820,San Pedro Tlalcuapan de Nicolás Bravo,Chiautempan
90820,Ramontla,Chiautempan
90821,San Rafael Tepatlaxco,Chiautempan
90830,La Magdalena Tlaltelulco,La Magdalena Tlaltelulco
90833,Tecpa Morales,La Magdalena Tlaltelulco
90833,Tecpa Pluma,La Magdalena Tlaltelulco
90833,Santa Cruz Progreso,La Magdalena Tlaltelulco
90833,1901,La Magdalena Tlaltelulco
90833,Tezoquipan,La Magdalena Tlaltelulco
90833,Estocapa,La Magdalena Tlaltelulco
90833,Villa de las Flores,La Magdalena Tlaltelulco
90833,Progreso,La Magdalena Tlaltelulco
90833,Independencia,La Magdalena Tlaltelulco
90833,La Loma,La Magdalena Tlaltelulco
90834,Poxtla 1a Sección,La Magdalena Tlaltelulco
90834,Poxtla 2a Sección,La Magdalena Tlaltelulco
90834,Calnahuac,La Magdalena Tlaltelulco
90834,Comalteopan,La Magdalena Tlaltelulco
90834,Satelite,La Magdalena Tlaltelulco
90834,San Nicolás,La Magdalena Tlaltelulco
90835,Teotlalpan,La Magdalena Tlaltelulco
90835,Santa Cruz Yoalcoatl,La Magdalena Tlaltelulco
90835,Yoalcoatl,La Magdalena Tlaltelulco
90835,La Venta,La Magdalena Tlaltelulco
90843,Jesús Xolalpan,San Francisco Tetlanohcan
90843,Santa Cruz Matlacahuacan,San Francisco Tetlanohcan
90845,Dolores Aquiahuac,San Francisco Tetlanohcan
90850,Santa Maria Acxotla Del Monte,Teolocholco
90850,Cuaxinca,Teolocholco
90850,Cuauhtla,Teolocholco
90850,Actipa,Teolocholco
90850,Primera,Teolocholco
90850,Segunda,Teolocholco
90850,Tercera,Teolocholco
90855,El Carmen Aztama,Teolocholco
90860,Acuamanala,Acuamanala de Miguel Hidalgo
90860,Concepción Chimalpa,Acuamanala de Miguel Hidalgo
90861,Guadalupe Hidalgo,Acuamanala de Miguel Hidalgo
90864,Olextla de Juárez,Acuamanala de Miguel Hidalgo
90867,Santa Cruz Quilehtla,Santa Cruz Quilehtla
90867,Ayometitla,Santa Cruz Quilehtla
90870,Primera,Mazatecochco de José María Morelos
90873,Cuarta,Mazatecochco de José María Morelos
90874,Tercera,Mazatecochco de José María Morelos
90875,Segunda,Mazatecochco de José María Morelos
90876,Ramos Muñoz Manzano,Mazatecochco de José María Morelos
90880,Tenancingo,Tenancingo
90880,Tecoac,Tenancingo
90880,Tepepantlalpa (Magdalena Reyes),Tenancingo
90886,Concepción Acopilco,Tenancingo
90890,San Isidro Buen Suceso,San Pablo del Monte
90890,Hueyocotl,San Pablo del Monte
90894,Tetzacual,San Pablo del Monte
90895,Cacamila San Antonio,San Pablo del Monte
90897,Ex-hacienda Guadalupe Xaltelulco,San Pablo del Monte
90898,Acopilco,San Pablo del Monte
90900,Villa Vicente Guerrero,San Pablo del Monte
90920,Cristo,San Pablo del Monte
90930,Xahuén Vargas,San Pablo del Monte
90930,San Nicolás,San Pablo del Monte
90940,San Miguel,San Pablo del Monte
90940,Santiago,San Pablo del Monte
90950,La Santísima,San Pablo del Monte
90960,San Cosme,San Pablo del Monte
90970,Jesús,San Pablo del Monte
90970,San Bartolomé,San Pablo del Monte
90970,San Sebastián,San Pablo del Monte
90980,San Pedro,San Pablo del Monte
90990,Tlaltepango,San Pablo del Monte
